{
  "timestamp_utc": "20260326T145129Z",
  "dataset": "aril",
  "model": "prunedAttentionGRU",
  "seed": 42,
  "device": "Tesla V100S-PCIE-32GB",
  "epochs": 100,
  "final_train_accuracy": 0.9999626642771804,
  "final_train_loss": 0.031993396744897575,
  "validation_loss": 0.13389803908711714,
  "validation_accuracy": 0.9820143884892086,
  "macro_precision": 0.982632858107782,
  "macro_recall": 0.9816065520967044,
  "macro_f1": 0.9818822930983372,
  "weighted_precision": 0.9825360402082155,
  "weighted_recall": 0.9820143884892086,
  "weighted_f1": 0.982042361502503,
  "micro_precision": 0.9820143884892086,
  "micro_recall": 0.9820143884892086,
  "micro_f1": 0.9820143884892086,
  "balanced_accuracy": 0.9816065520967044,
  "total_parameters": 163750,
  "trainable_parameters": 82118,
  "non_trainable_parameters": 81632,
  "inference_forward_time_s": 0.20302814900060184,
  "inference_latency_ms_per_sample": 0.7303170827359778,
  "inference_latency_ms_per_batch": 67.67604966686729,
  "inference_throughput_samples_per_s": 1369.2682584579734,
  "training_time_s": 4310.952234144992,
  "evaluation_time_s": 14.64332307400764,
  "total_runtime_s": 4334.114432111994,
  "checkpoint_path": "/gpfs/workdir/balazsk/prunedAttentionGRU/results/training_jobs/20260326T145129Z_aril/model.pt"
}