{
  "timestamp_utc": "20260326T232842Z",
  "dataset": "signfi",
  "model": "prunedAttentionGRU",
  "seed": 42,
  "device": "Tesla V100S-PCIE-32GB",
  "epochs": 100,
  "final_train_accuracy": 1.0,
  "final_train_loss": 0.021392220232527622,
  "validation_loss": 0.07561140604641127,
  "validation_accuracy": 0.9945652173913043,
  "macro_precision": 0.9930278884462151,
  "macro_recall": 0.9926958831341302,
  "macro_f1": 0.9921836463669134,
  "weighted_precision": 0.9941123188405797,
  "weighted_recall": 0.9945652173913043,
  "weighted_f1": 0.9935645272601796,
  "micro_precision": 0.9945652173913043,
  "micro_recall": 0.9945652173913043,
  "micro_f1": 0.9945652173913043,
  "balanced_accuracy": 0.9926958831341302,
  "total_parameters": 210484,
  "trainable_parameters": 105620,
  "non_trainable_parameters": 104864,
  "inference_forward_time_s": 0.3522916510119103,
  "inference_latency_ms_per_sample": 0.638209512702736,
  "inference_latency_ms_per_batch": 70.45833020238206,
  "inference_throughput_samples_per_s": 1566.883570514528,
  "training_time_s": 7756.057947229012,
  "evaluation_time_s": 27.813278574991273,
  "total_runtime_s": 7826.017466082994,
  "checkpoint_path": "/gpfs/workdir/balazsk/prunedAttentionGRU/results/training_jobs/20260326T232842Z_signfi/model.pt"
}