{
  "timestamp_utc": "20260328T000619Z",
  "dataset": "signfi",
  "model": "prunedAttentionGRU",
  "seed": 42,
  "device": "Tesla V100S-PCIE-32GB",
  "epochs": 100,
  "final_train_accuracy": 1.0,
  "final_train_loss": 0.023404601050518618,
  "validation_loss": 0.11202603535375734,
  "validation_accuracy": 0.9855072463768116,
  "macro_precision": 0.9802371541501976,
  "macro_recall": 0.9782608695652174,
  "macro_f1": 0.9766404873124241,
  "weighted_precision": 0.9927536231884058,
  "weighted_recall": 0.9855072463768116,
  "weighted_f1": 0.9867102704059225,
  "micro_precision": 0.9855072463768116,
  "micro_recall": 0.9855072463768116,
  "micro_f1": 0.9855072463768116,
  "balanced_accuracy": 0.9860557768924303,
  "total_parameters": 74223,
  "trainable_parameters": 74223,
  "non_trainable_parameters": 0,
  "inference_forward_time_s": 0.35617614607326686,
  "inference_latency_ms_per_sample": 0.6452466414370777,
  "inference_latency_ms_per_batch": 71.23522921465337,
  "inference_throughput_samples_per_s": 1549.7949710715645,
  "pre_training_time_s": 8089.035111527075,
  "fine_tuning_time_s": 802.0336056499509,
  "pruning_s": 0.9,
  "pruning_k": 0.7,
  "finetune_epochs": 10,
  "finetune_lr": 0.0001,
  "training_time_s": 8891.068717177026,
  "evaluation_time_s": 26.87718683294952,
  "total_runtime_s": 8958.870789972018,
  "checkpoint_path": "/gpfs/workdir/balazsk/prunedAttentionGRU/results/training_jobs/20260328T000619Z_signfi/model.pt"
}