{
  "timestamp_utc": "20260327T142902Z",
  "dataset": "aril",
  "model": "prunedAttentionGRU",
  "seed": 42,
  "device": "Tesla V100S-PCIE-32GB",
  "epochs": 100,
  "final_train_accuracy": 1.0,
  "final_train_loss": 0.030022709656021645,
  "validation_loss": 0.12507836488511065,
  "validation_accuracy": 0.9820143884892086,
  "macro_precision": 0.9827806122448979,
  "macro_recall": 0.9814276485788115,
  "macro_f1": 0.9816570968457631,
  "weighted_precision": 0.9826827313659277,
  "weighted_recall": 0.9820143884892086,
  "weighted_f1": 0.9819132360566843,
  "micro_precision": 0.9820143884892086,
  "micro_recall": 0.9820143884892086,
  "micro_f1": 0.9820143884892086,
  "balanced_accuracy": 0.9814276485788115,
  "total_parameters": 57826,
  "trainable_parameters": 57826,
  "non_trainable_parameters": 0,
  "inference_forward_time_s": 0.1934517789632082,
  "inference_latency_ms_per_sample": 0.6958697085007489,
  "inference_latency_ms_per_batch": 64.4839263210694,
  "inference_throughput_samples_per_s": 1437.0506256904036,
  "pre_training_time_s": 4195.7779328740435,
  "fine_tuning_time_s": 419.3991270030383,
  "pruning_s": 0.9,
  "pruning_k": 0.7,
  "finetune_epochs": 10,
  "finetune_lr": 0.0001,
  "training_time_s": 4615.177059877082,
  "evaluation_time_s": 13.964155680965632,
  "total_runtime_s": 4635.615353947971,
  "checkpoint_path": "/gpfs/workdir/balazsk/prunedAttentionGRU/results/training_jobs/20260327T142902Z_aril/model.pt"
}