{
  "loss": {
    "train": [
      0.7373481324646594,
      0.5494802445845856,
      0.49848232157940636,
      0.4883867241767651,
      0.45553671090007175,
      0.4530048525751713,
      0.4274195872830855,
      0.4475724214148785,
      0.43496535823452104,
      0.40906599498894686,
      0.4241746560272847,
      0.40636420935114664,
      0.4061694639492465,
      0.38982241068536555,
      0.3901156798041988,
      0.3868998411726087,
      0.45074264193469,
      0.4372985072230001,
      0.40209181828073937,
      0.4184416834119627,
      0.40560594189805765,
      0.3961070502490395,
      0.39057855004738706,
      0.41915013627884135,
      0.4488643911137231,
      0.39261784884985373,
      0.39997376870509316,
      0.40595607026591335,
      0.3885708495683807,
      0.39092684979021686,
      0.36682533600351874,
      0.3826675664082421,
      0.3823872693056587,
      0.38369371557589804,
      0.3840451830228922,
      0.37291639961028905,
      0.3820551402539223,
      0.3675020357662238,
      0.37800181965166285,
      0.5074790237535466,
      0.4900507789471848,
      0.49884106475701495,
      0.4695644139241152,
      0.44200721625227807,
      0.48204501686822765,
      0.4631088714619223,
      0.46830921952737997,
      0.4667012591325029,
      0.4424831957128344,
      0.47034173429958265,
      0.4278349479075671,
      0.42887100444246357,
      0.43074803859273153,
      0.43269239981584445,
      0.4168846814474986,
      0.4149573303989081,
      0.417619954833699,
      0.4056124591035904,
      0.39925090219211495,
      0.40589479020382857,
      0.4044441798963325,
      0.3982325918000489,
      0.3852568385362122,
      0.3871574053572286,
      0.3998691981802621,
      0.3793942802919245,
      0.37150879599475106,
      0.3868857115641644,
      0.3745781688304942,
      0.3961975798206095,
      0.3807784992898828,
      0.38708700096461407,
      0.36261599739263867,
      0.3674905441742636,
      0.381101642809613,
      0.37467476406748135,
      0.37128292478568936
    ],
    "validation": [
      0.1184996460843636,
      0.06841872759022803,
      0.05466524993442389,
      0.05831056477138831,
      0.04411573144968451,
      0.038556211704165684,
      0.04564008355702994,
      0.050205041066718054,
      0.03394097303756878,
      0.036296250700825664,
      0.03323185748461657,
      0.027826031837885734,
      0.03192201727684939,
      0.03609701543577812,
      0.026811500339606772,
      0.023617506878493465,
      0.07192750709752242,
      0.042578075186542746,
      0.030291071841083234,
      0.033340117419665714,
      0.028929240915697825,
      0.027214508300619805,
      0.0239490184472167,
      0.034053508129822135,
      0.03654171231220353,
      0.029998629387132277,
      0.026561302501919133,
      0.03557282227796329,
      0.027894648865833722,
      0.027084972432168276,
      0.022948603534317366,
      0.024983875551095047,
      0.023559657169556717,
      0.02187768551882208,
      0.01959142292336223,
      0.023181828375382494,
      0.022141125150790253,
      0.02790697492596613,
      0.020091203972697258,
      0.09459967979969969,
      0.0725777699168873,
      0.06704881685772282,
      0.054573010856313026,
      0.046068964116041014,
      0.06290485077309159,
      0.059944322570939734,
      0.05518354801168232,
      0.05390242710553375,
      0.04825255457132242,
      0.04712326091712251,
      0.041181894421452495,
      0.03933430554450683,
      0.03815277373765749,
      0.038216475608213896,
      0.03476647988149205,
      0.03262361611553958,
      0.030729786924377427,
      0.03127263737861965,
      0.030976762979504198,
      0.028865067452286026,
      0.026860356186389673,
      0.027771678782484068,
      0.024703669094283377,
      0.023743509363765736,
      0.02432291335436033,
      0.0241809949021107,
      0.023841798317226225,
      0.02374449905312661,
      0.02285007415515072,
      0.02330661081246235,
      0.022868704937195377,
      0.022755936494944482,
      0.022183170026671962,
      0.022273158506183756,
      0.022204923710983003,
      0.022205523486625973,
      0.022211860802875873
    ]
  },
  "accuracy": {
    "train": [
      0.7589155558476577,
      0.8322257589234294,
      0.8467318513536426,
      0.8431175891867475,
      0.8537607565764923,
      0.852057420169345,
      0.8571184648634597,
      0.8508904638155774,
      0.847581594955631,
      0.8547648548706758,
      0.8484619197678966,
      0.8532153349997056,
      0.8537033015514975,
      0.8583817281135993,
      0.8565732471088024,
      0.8556403025785588,
      0.8456471500350244,
      0.8512278949519393,
      0.8613746903849558,
      0.8476610339168922,
      0.8519267146214238,
      0.8528124515012495,
      0.8550887085968194,
      0.8507549874903341,
      0.8377540003060907,
      0.8617778745322819,
      0.8550380847339474,
      0.8501914490985776,
      0.8551492135279598,
      0.8564689983337667,
      0.8655915609778804,
      0.8568803196655873,
      0.8559185189079749,
      0.8513588399733645,
      0.8518837267108778,
      0.8582312658804903,
      0.8532228896661519,
      0.8611526535373972,
      0.8511529561086528,
      0.8351999447656279,
      0.8497466923798136,
      0.8401906594879701,
      0.8431023273388674,
      0.8532200571102618,
      0.8449338136483519,
      0.8502194216597883,
      0.8461641025189675,
      0.8448315224717803,
      0.8553174625076583,
      0.8411460368886651,
      0.8563534482537355,
      0.8561790760188327,
      0.8516926057240946,
      0.8542264671612987,
      0.8578656409294965,
      0.8558958673728811,
      0.8518112658876066,
      0.8558204299713935,
      0.8584852798618327,
      0.853781085400933,
      0.8498003685034797,
      0.8547913231659322,
      0.8590887806697786,
      0.8550753783596573,
      0.8501535844325343,
      0.8589003345978183,
      0.859237368949807,
      0.8512334390038957,
      0.858612100075945,
      0.8492166015457706,
      0.8554114651817539,
      0.8506007244766798,
      0.8598680569400258,
      0.8615990045311469,
      0.8509431107088163,
      0.8550477867663754,
      0.8575504221064297
    ],
    "validation": [
      0.9874213836477987,
      1.0,
      1.0,
      1.0,
      1.0,
      1.0,
      1.0,
      1.0,
      1.0,
      1.0,
      1.0,
      1.0,
      1.0,
      1.0,
      1.0,
      1.0,
      0.9958071278825996,
      1.0,
      1.0,
      1.0,
      1.0,
      1.0,
      1.0,
      1.0,
      1.0,
      1.0,
      1.0,
      1.0,
      1.0,
      1.0,
      1.0,
      1.0,
      1.0,
      1.0,
      1.0,
      1.0,
      1.0,
      1.0,
      1.0,
      0.9916142557651991,
      0.9958071278825996,
      0.9958071278825996,
      1.0,
      1.0,
      1.0,
      1.0,
      1.0,
      1.0,
      1.0,
      1.0,
      1.0,
      1.0,
      1.0,
      1.0,
      1.0,
      1.0,
      1.0,
      1.0,
      1.0,
      1.0,
      1.0,
      1.0,
      1.0,
      1.0,
      1.0,
      1.0,
      1.0,
      1.0,
      1.0,
      1.0,
      1.0,
      1.0,
      1.0,
      1.0,
      1.0,
      1.0,
      1.0
    ]
  }
}