{
  "timestamp_utc": "20260407T074744Z",
  "device": "Tesla V100-PCIE-32GB",
  "n_warmup": 20,
  "n_repeats_per_sample": 100,
  "checkpoints": {
    "aril": "/gpfs/workdir/balazsk/prunedAttentionGRU/results/training_jobs/20260327T142902Z_aril/model.pt",
    "har-1": "/gpfs/workdir/balazsk/prunedAttentionGRU/results/training_jobs/20260327T154618Z_har-1/model.pt",
    "har-3": "/gpfs/workdir/balazsk/prunedAttentionGRU/results/training_jobs/20260327T210654Z_har-3/model.pt",
    "signfi": "/gpfs/workdir/balazsk/prunedAttentionGRU/results/training_jobs/20260328T000619Z_signfi/model.pt",
    "stanfi": "/gpfs/workdir/balazsk/prunedAttentionGRU/results/training_jobs_stanfi/20260331T102238Z_stanfi/model.pt"
  },
  "results": {
    "aril": {
      "mean_ms": 60.777804437361446,
      "std_ms": 0.12132650675434609,
      "median_ms": 60.74314176570624,
      "min_ms": 60.56136923376471,
      "max_ms": 61.18814987130463,
      "n_samples": 278
    },
    "har-1": {
      "mean_ms": 47.50028024486447,
      "std_ms": 0.26919345571558945,
      "median_ms": 47.560019944794476,
      "min_ms": 46.90571840386838,
      "max_ms": 48.08059756178409,
      "n_samples": 1440
    },
    "har-3": {
      "mean_ms": 156.29287059784045,
      "std_ms": 0.3957386252055502,
      "median_ms": 156.38582316227257,
      "min_ms": 155.52988403942436,
      "max_ms": 157.37885987386107,
      "n_samples": 241
    },
    "signfi": {
      "mean_ms": 62.77315357724454,
      "std_ms": 0.13827463347501304,
      "median_ms": 62.755230236798525,
      "min_ms": 62.502060239203274,
      "max_ms": 63.43323598150164,
      "n_samples": 552
    },
    "stanfi": {
      "mean_ms": 623.0544140401923,
      "std_ms": 0.9759430664316449,
      "median_ms": 622.9113592207432,
      "min_ms": 620.8929420541972,
      "max_ms": 626.7135341884568,
      "n_samples": 477
    }
  }
}