dataset,checkpoint,n_samples,mean_ms,std_ms,median_ms,min_ms,max_ms
aril,/gpfs/workdir/balazsk/prunedAttentionGRU/results/training_jobs/20260327T142902Z_aril/model.pt,278,60.777804437361446,0.12132650675434609,60.74314176570624,60.56136923376471,61.18814987130463
har-1,/gpfs/workdir/balazsk/prunedAttentionGRU/results/training_jobs/20260327T154618Z_har-1/model.pt,1440,47.50028024486447,0.26919345571558945,47.560019944794476,46.90571840386838,48.08059756178409
har-3,/gpfs/workdir/balazsk/prunedAttentionGRU/results/training_jobs/20260327T210654Z_har-3/model.pt,241,156.29287059784045,0.3957386252055502,156.38582316227257,155.52988403942436,157.37885987386107
signfi,/gpfs/workdir/balazsk/prunedAttentionGRU/results/training_jobs/20260328T000619Z_signfi/model.pt,552,62.77315357724454,0.13827463347501304,62.755230236798525,62.502060239203274,63.43323598150164
stanfi,/gpfs/workdir/balazsk/prunedAttentionGRU/results/training_jobs_stanfi/20260331T102238Z_stanfi/model.pt,477,623.0544140401923,0.9759430664316449,622.9113592207432,620.8929420541972,626.7135341884568
